"UPDATED","ENTRY_DATE","EVENT_LCL_DATE","EVENT_LCL_TIME","LOC_CITY_NAME","LOC_STATE_NAME","LOC_CNTRY_NAME","RMK_TEXT","EVENT_TYPE_DESC","FSDO_DESC","REGIST_NBR","FLT_NBR","ACFT_OPRTR","ACFT_MAKE_NAME","ACFT_MODEL_NAME","ACFT_MISSING_FLAG","ACFT_DMG_DESC","FLT_ACTIVITY","FLT_PHASE","FAR_PART","MAX_INJ_LVL","FATAL_FLAG","FLT_CRW_INJ_NONE","FLT_CRW_INJ_MINOR","FLT_CRW_INJ_SERIOUS","FLT_CRW_INJ_FATAL","FLT_CRW_INJ_UNK","CBN_CRW_INJ_NONE","CBN_CRW_INJ_MINOR","CBN_CRW_INJ_SERIOUS","CBN_CRW_INJ_FATAL","CBN_CRW_INJ_UNK","PAX_INJ_NONE","PAX_INJ_MINOR","PAX_INJ_SERIOUS","PAX_INJ_FATAL","PAX_INJ_UNK","GRND_INJ_NONE","GRND_INJ_MINOR","GRND_INJ_SERIOUS","GRND_INJ_FATAL","GRND_INJ_UNK","Unk inj none","Unk inj minor","Unk inj serious","Unk inj fatal","Unk inj unk"
"No","03-AUG-26","02-AUG-26","19:13:00Z","HOUSTON","TEXAS","UNITED STATES","AIRCRAFT WAS IN RUNUP FOR DEPARTURE WHEN THE SURFACE COLLAPSED BENEATH THE FRONT MAIN GEAR, HOUSTON, TX.","INCIDENT","HOUSTON FSDO","N81TL","","","BEECH","200","No","UNKNOWN","PERSONAL","STANDING (STD)","91","NONE","No","1","0","0","0","0","0","0","0","0","0","0","0","0","0","0","0","0","0","0","0","0","0","0","0","0"
"No","03-AUG-26","02-AUG-26","16:10:00Z","RIVERSIDE","CALIFORNIA","UNITED STATES","AIRCRAFT STRUCK A BIRD LEAVING A DENT IN THE RIGHT WING, RIVERSIDE, CA.","INCIDENT","RIVERSIDE FSDO","N303HV","","","BEECH","A36","No","MINOR","PERSONAL","APPROACH (APR)","91","NONE","No","1","0","0","0","0","0","0","0","0","0","0","0","0","0","0","0","0","0","0","0","0","0","0","0","0"
"No","03-AUG-26","01-AUG-26","15:30:00Z","CARSON CITY","NEVADA","UNITED STATES","AIRCRAFT VEERED OFF THE RUNWAY ON LANDING AND GEAR COLLAPSED, CARSON CITY, NV.","INCIDENT","RENO FSDO","N47740","","","PIPER","PA28R","No","MINOR","PERSONAL","LANDING (LDG)","91","NONE","No","1","0","0","0","0","0","0","0","0","0","2","0","0","0","0","0","0","0","0","0","0","0","0","0","0"
"No","22-JUL-26","25-JUN-26","12:00:00Z","ROGERSVILLE","TENNESSEE","UNITED STATES","AIRCRAFT PROPELLER STRUCK THE RUNWAY DURING LANDING.","INCIDENT","Nashville","N10719","","","MOONEY","M20J","No","UNKNOWN","PERSONAL","LANDING (LDG)","91","NONE","No","1","0","0","0","0","0","0","0","0","0","0","0","0","0","0","0","0","0","0","0","0","0","0","0","0"
"No","23-JUL-26","22-JUL-26","23:06:00Z","ANCHORAGE","ALASKA","UNITED STATES","AIRCRAFT TOOK OF FROM LAKE HOOD AND ENGINE FAILED.","ACCIDENT","Anchorage","N180LW","","","CESSNA","180K","No","SUBSTANTIAL","PERSONAL","INITIAL CLIMB (ICL)","91","UNKNOWN","No","0","0","0","0","1","0","0","0","0","0","0","0","0","0","1","0","0","0","0","0","0","0","0","0","0"
"No","23-JUL-26","22-JUL-26","11:33:00Z","READING","PENNSYLVANIA","UNITED STATES","AIRCRAFT EXPERIENCED A TAIL STIRKE DURING LANDING AND VEERED OFF THE RIGHT SIDE OF THE RUNWAY.","INCIDENT","Allentown","N782ND","","","PIPER","PA-44-180","No","UNKNOWN","PERSONAL","LANDING (LDG)","91","NONE","No","1","0","0","0","0","0","0","0","0","0","1","0","0","0","0","0","0","0","0","0","0","0","0","0","0"
"No","03-AUG-26","29-JUL-26","14:05:00Z","TUSCUMBIA","ALABAMA","UNITED STATES","AIRCRAFT ROTOR STRUCK A TRUCK WHILE LANDING AT THE COMPANY HELIPAD, TUSCUMBIA, AL.","ACCIDENT","ALABAMA AND NW FLORIDA FSDO","N29AE","","","BELL","206","No","SUBSTANTIAL","AMBULANCE","LANDING (LDG)","91","NONE","No","1","0","0","0","0","2","0","0","0","0","0","0","0","0","0","0","0","0","0","0","0","0","0","0","0"
"No","03-AUG-26","01-AUG-26","15:00:00Z","STANSBURY ISLAND","UTAH","UNITED STATES","AIRCRAFT ON LANIDNG ENCOUNTERED A HEADWIND, LANDED HARD AND GEAR COLLAPSED, STANSBURY ISLAND, UT.","ACCIDENT","SALT LAKE CITY FSDO","N329DL","","","CUBCRAFTERS","CCX-2000","No","SUBSTANTIAL","PERSONAL","LANDING (LDG)","91","NONE","No","1","0","0","0","0","0","0","0","0","0","0","0","0","0","0","0","0","0","0","0","0","0","0","0","0"
"No","03-AUG-26","02-AUG-26","15:45:00Z","RENO","NEVADA","UNITED STATES","AIRCRAFT LEFT LANDING GEAR COLLAPSED ON LANDING, RENO, NV.","ACCIDENT","RENO FSDO","N7626K","","","PIPER","PA20","No","SUBSTANTIAL","PERSONAL","LANDING (LDG)","91","NONE","No","1","0","0","0","0","0","0","0","0","0","1","0","0","0","0","0","0","0","0","0","0","0","0","0","0"
"No","03-AUG-26","01-AUG-26","14:41:00Z","BLACKFOOT","IDAHO","UNITED STATES","AIRCRAFT LANDED HARD AND FLIPPED OVER, BLACKFOOT, ID.","ACCIDENT","SALT LAKE CITY FSDO","N37248","","","INTERSTATE AIRCRAFT","S-1A","No","SUBSTANTIAL","PERSONAL","LANDING (LDG)","91","UNKNOWN","No","0","0","0","0","1","0","0","0","0","0","0","0","0","0","0","0","0","0","0","0","0","0","0","0","0"
"No","03-AUG-26","02-AUG-26","17:23:00Z","BOYCEVILLE","MINNESOTA","UNITED STATES","AIRCRAFT CRASHED IN A FIELD SHORTLY AFTER TAKE OFF DUE TO A ROUGH RUNNING ENGINE, BOYCEVILLE, MN.","ACCIDENT","MINNEAPOLIS FSDO","N43665","","","TAYLORCRAFT","BC12-D","No","SUBSTANTIAL","PERSONAL","TAKEOFF (TOF)","91","SERIOUS","No","0","0","1","0","0","0","0","0","0","0","0","0","1","0","0","0","0","0","0","0","0","0","0","0","0"
"No","03-AUG-26","02-AUG-26","02:42:00Z","BLACKFOOT","IDAHO","UNITED STATES","AIRCRAFT WENT OFF THE RUNWAY AND THROUGH A FENCE, BLACKFOOT, ID.","ACCIDENT","SALT LAKE CITY FSDO","N1166F","","","CESSNA","172","No","SUBSTANTIAL","PERSONAL","LANDING (LDG)","91","FATAL","Yes","0","0","0","1","0","0","0","0","0","0","0","0","2","0","0","0","0","0","0","0","0","0","0","0","0"
"No","03-AUG-26","02-AUG-26","18:52:00Z","GUYMON","OKLAHOMA","UNITED STATES","AIRCRAFT CRASHED UNDER UNKNOWN CIRCUMSTANCES IN A FIELD SHORTLY AFTER TAKE OFF AND POST CRASH FIRE, GUYMON, OK.","ACCIDENT","LUBBOCK FSDO","N210Q","","","BEECH","E18S","No","DESTROYED","PERSONAL","TAKEOFF (TOF)","91","FATAL","Yes","0","0","0","1","0","0","0","0","0","0","0","0","0","0","0","0","0","0","0","0","0","0","0","0","0"
"No","03-AUG-26","02-AUG-26","18:18:00Z","BENNETT","IOWA","UNITED STATES","AIRCRAFT MADE A HARD LANDING IN A PASTURE DUE TO ENGINE VIBRATIONS, BENNETT, IA.","INCIDENT","DES MOINES FSDO","N26KL","","","ROBINSON","R44","No","UNKNOWN","PERSONAL","EN ROUTE (ENR)","91","NONE","No","1","0","0","0","0","0","0","0","0","0","0","0","0","0","0","0","0","0","0","0","0","0","0","0","0"
"No","03-AUG-26","31-JUL-26","15:10:00Z","NEWBERRY","SOUTH CAROLINA","UNITED STATES","AIRCRAFT TAXIING FOR DEPARTURE AND THE ENGINE CAUGHT ON FIRE, NEWBERRY, SC.","INCIDENT","COLUMBIA FSDO","N158TZ","","","COMMANDER AIRCRAFT","114TC","No","UNKNOWN","PERSONAL","TAXI (TXI)","91","NONE","No","1","0","0","0","0","0","0","0","0","0","0","0","0","0","0","0","0","0","0","0","0","0","0","0","0"
"No","03-AUG-26","02-AUG-26","23:16:00Z","GRANDVIEW","TEXAS","UNITED STATES","AIRCRAFT MADE AN EMERGENCY LANDING DUE TO LOSS OF ENGINE POWER, GRANDVIEW, TX.","INCIDENT","NORTH TEXAS FSDO","N210SD","","","CESSNA","T210","No","UNKNOWN","PERSONAL","EN ROUTE (ENR)","91","NONE","No","1","0","0","0","0","0","0","0","0","0","1","0","0","0","0","0","0","0","0","0","0","0","0","0","0"
"No","03-AUG-26","31-JUL-26","17:00:00Z","BATAVIA","OHIO","UNITED STATES","AIRCRAFT LOST CONTROL ON LANDING AND GROUND LOOPED, BATAVIA, OH.","INCIDENT","CINCINNATI FSDO","N365DA","","","VANS","RV8","No","UNKNOWN","PERSONAL","LANDING (LDG)","91","NONE","No","1","0","0","0","0","0","0","0","0","0","1","0","0","0","0","0","0","0","0","0","0","0","0","0","0"
"No","03-AUG-26","31-JUL-26","21:00:00Z","CHESWOLD","DELAWARE","UNITED STATES","AIRCRAFT LANDED AND VEERED OFF RUNWAY GOING INTO A DITCH, CHESWOLD, DE.","INCIDENT","PHILADELPHIA FSDO","N430DS","","DELAWARE STATE UNIVERSITY","PIPER","PA28","No","UNKNOWN","FAR 141 PILOT SCHOOL","LANDING (LDG)","91","NONE","No","1","0","0","0","0","0","0","0","0","0","0","0","0","0","0","0","0","0","0","0","0","0","0","0","0"
"No","03-AUG-26","01-AUG-26","18:45:00Z","FINLEYVILLE","PENNSYLVANIA","UNITED STATES","AIRCRAFT LANDED GEAR UP, FINLEYVILLE, PA.","INCIDENT","ALLEGHENY FSDO","N507MD","","","RYAN","NAVION A","No","UNKNOWN","PERSONAL","LANDING (LDG)","91","NONE","No","1","0","0","0","0","0","0","0","0","0","1","0","0","0","0","0","0","0","0","0","0","0","0","0","0"
"No","03-AUG-26","31-JUL-26","23:32:00Z","TOCCOA","GEORGIA","UNITED STATES","AIRCRAFT DECLARED AN EMERGENCY DUE TO OIL LEAKING ONTO THE WINDSHIELD AND MADE AN EMERGENCY LANDING IN A FIELD, TOCCOA, GA.","INCIDENT","ATLANTA FSDO","N531SM","","","ZENITH AIRCRAFT","CH750 STOL","No","UNKNOWN","PERSONAL","EN ROUTE (ENR)","91","NONE","No","1","0","0","0","0","0","0","0","0","0","0","0","0","0","0","0","0","0","0","0","0","0","0","0","0"
"No","03-AUG-26","01-AUG-26","15:45:00Z","NORTH LITTLE ROCK","ARKANSAS","UNITED STATES","AIRCRAFT GEAR COLLAPSED ON LANDING, NORTH LITTLE ROCK, AR.","INCIDENT","LITTLE ROCK FSDO","N3618G","","","CESSNA","310","No","UNKNOWN","PERSONAL","LANDING (LDG)","91","NONE","No","1","0","0","0","0","0","0","0","0","0","1","0","0","0","0","0","0","0","0","0","0","0","0","0","0"
"No","27-JUL-26","24-JUL-26","16:44:00Z","HAMILTON","OHIO","UNITED STATES","AIRCRAFT MAIN GEAR BROKE OFF DURING LANDING, HAMILTON, OH.","INCIDENT","CINCINNATI FSDO","N119Y","","","WACO","ASO","No","UNKNOWN","PERSONAL","LANDING (LDG)","91","NONE","No","1","0","0","0","0","0","0","0","0","0","2","0","0","0","0","0","0","0","0","0","0","0","0","0","0"
"No","27-JUL-26","25-JUL-26","21:30:00Z","FERRIS","TEXAS","UNITED STATES","AIRCRAFT CRASHED IN A LANDFILL DUE TO ENGINE ISSUES, FERRIS, TX.","INCIDENT","NORTH TEXAS FSDO","N18YZ","","","CESSNA","150","No","UNKNOWN","PERSONAL","EN ROUTE (ENR)","91","NONE","No","1","0","0","0","0","0","0","0","0","0","1","0","0","0","0","0","0","0","0","0","0","0","0","0","0"
"No","27-JUL-26","24-JUL-26","20:50:00Z","NAPLES","FLORIDA","UNITED STATES","AIRCRAFT LANDED HARD INCURRING A PROP STRIKE, NAPLES, FL.","INCIDENT","SOUTH FLORIDA FSDO","N48Y","","","PIPER","PA23","No","UNKNOWN","PERSONAL","LANDING (LDG)","91","NONE","No","1","0","0","0","0","0","0","0","0","0","1","0","0","0","0","0","0","0","0","0","0","0","0","0","0"
"No","03-AUG-26","31-JUL-26","04:44:00Z","NENANA","ALASKA","UNITED STATES","AIRCRAFT GROUND LOOPED WHILE TAXIING, NENANA, AK.","ACCIDENT","FAIRBANKS FSDO","N2332C","","","CESSNA","180","No","SUBSTANTIAL","PERSONAL","TAXI (TXI)","91","NONE","No","1","0","0","0","0","0","0","0","0","0","1","0","0","0","0","0","0","0","0","0","0","0","0","0","0"
"No","27-JUL-26","24-JUL-26","20:05:00Z","LAKELAND","FLORIDA","UNITED STATES","AIRCRAFT STRUCK A BIRD ON LANDING LEAVING A SMALL DENT ON THE WING, LAKELAND, FL.","INCIDENT","ORLANDO FSDO","N905KS","","","CESSNA","172","No","UNKNOWN","PERSONAL","LANDING (LDG)","91","NONE","No","1","0","0","0","0","0","0","0","0","0","1","0","0","0","0","0","0","0","0","0","0","0","0","0","0"
"No","27-JUL-26","24-JUL-26","10:00:00Z","BRUNSWICK","MAINE","UNITED STATES","AIRCRAFT RIGHT MAIN GEAR COLLAPSED ON LANDING AND INCURRED A PROP STRIKE, BRUNSWICK, ME.","INCIDENT","PORTLAND ME FSDO","N6322N","","","CHAMPION","7GCAA","No","UNKNOWN","PERSONAL","LANDING (LDG)","91","NONE","No","0","0","0","0","0","0","0","0","0","0","0","0","0","0","0","0","0","0","0","0","0","0","0","0","0"
"No","21-JUL-26","18-JUL-26","20:00:00Z","BILLINGS","MONTANA","UNITED STATES","AIRCRAFT VEERED OFF THE RIGHT SIDE OF THE RUNWAY AFTER LANDING AND DAMAGED A RUNWAY LIGHT.","INCIDENT","HELENA","N2379M","","","PIPER","PA12","No","MINOR","PERSONAL","LANDING (LDG)","91","NONE","No","1","0","0","0","0","0","0","0","0","0","0","0","0","0","0","0","0","0","0","0","0","0","0","0","0"
"No","24-JUL-26","23-JUL-26","00:20:00Z","SUCIA ISLAND","WASHINGTON","UNITED STATES","AIRCRAFT CRASHED UNDER UNKN CIRCUMSTANCES WHILE LANDING NEAR SUCIA ISLAND. A POST IMPACT FIRE CONSUMED THE AIRCRAFT","ACCIDENT","SEATTLE FSDO","N709KA","","KENMORE AIR","DE HAVILLAND","DHC-3","No","SUBSTANTIAL","CORPORATE","LANDING (LDG)","135","UNKNOWN","No","0","0","0","0","1","0","0","0","0","0","0","3","1","0","6","0","0","0","0","0","0","0","0","0","0"
"No","24-JUL-26","23-JUL-26","17:50:00Z","WILLS POINT","TEXAS","UNITED STATES","AIRCRAFT GROUND LOOPED COMING TO REST EAST OF THE RUNWAY RESULTING IN DAMAGE TO THE LANDING GEAR, TAIL, AND EMPENNAGE.","ACCIDENT","NORTH TEXAS FSDO","N345PR","","","GLASAIR","GLASTAR","No","SUBSTANTIAL","PERSONAL","LANDING (LDG)","91","UNKNOWN","No","1","0","0","0","0","0","0","0","0","0","0","0","0","0","0","0","0","0","0","0","0","0","0","0","0"
"No","24-JUL-26","23-JUL-26","14:00:00Z","MIDDLEFIELD","OHIO","UNITED STATES","AIRCRAFT VEERED OFF RIGHT SIDE OF THE RUNWAY, IMPACTED AN EMBAKMENT, AND DAMAGED A WINDSOCK POLE","ACCIDENT","CLEVELAND FSDO","N3661Q","","","PIPER","PA23","No","SUBSTANTIAL","PERSONAL","LANDING (LDG)","91","UNKNOWN","No","2","0","0","0","0","0","0","0","0","0","0","0","0","0","0","0","0","0","0","0","0","0","0","0","0"
"No","24-JUL-26","23-JUL-26","18:40:00Z","KEARNEYSVILLE","WEST VIRGINIA","UNITED STATES","AIRCRAFT LOST POWER AND CRASHED IN A FIELD","ACCIDENT","BALTIMORE FSDO","N6132L","","","GRUMMAN","AA-1","No","SUBSTANTIAL","PERSONAL","LANDING (LDG)","91","UNKNOWN","No","1","0","0","0","0","0","0","0","0","0","1","0","0","0","0","0","0","0","0","0","0","0","0","0","0"
"No","23-JUL-26","23-JUL-26","19:57:00Z","RALEIGH/DURHAM","NORTH CAROLINA","UNITED STATES","AIRCRAFT ABORTED TAKEOFF DUE TO REPORTED INSUFFICENT THRUST. WHILE TAXIING BACK TO RAMP, LEFT MAIN LANDING GEAR BRAKE CAUGHT FIRE. RAMP PERSONNEL EXTINGUISHED THE FIRE.","INCIDENT","GREENSBORO FSDO","N810JS","810","FLY EXCLUSIVE","CESSNA","CE560XLS","No","UNKNOWN","ON DEMAND","TAXI (TXI)","91","UNKNOWN","No","2","0","0","0","0","0","0","0","0","0","2","0","0","0","0","0","0","0","0","0","0","0","0","0","0"
"No","24-JUL-26","23-JUL-26","12:17:00Z","MILWAUKEE","WISCONSIN","UNITED STATES","AIRCRAFT EXPERIENCED A HARD LANDING RESULTING IN DAMAGE TO RIGHT MAIN WHEEL FAIRING","INCIDENT","MILWAUKEE,","N411LP","","","CESSNA","182","No","UNKNOWN","PERSONAL","LANDING (LDG)","91","UNKNOWN","No","1","0","0","0","0","0","0","0","0","0","1","0","0","0","0","0","0","0","0","0","0","0","0","0","0"
"No","24-JUL-26","23-JUL-26","13:43:00Z","ARKADELPHIA","ARKANSAS","UNITED STATES","AIRCRAFT EXPERIENCED A GEAR UP LANDING FOLLOWING AN UNSAFE GEAR INDICATION. MANUAL EXTENSION WAS UNSUCCESSFUL. GEAR COLLAPSED AND AIRCRAFT VEERED INTO THE GRASS","INCIDENT","LITTLE ROCK FSDO","N5258A","","","CESSNA","P210","No","UNKNOWN","PERSONAL","LANDING (LDG)","91","UNKNOWN","No","1","0","0","0","0","0","0","0","0","0","0","0","0","0","0","0","0","0","0","0","0","0","0","0","0"
"No","24-JUL-26","23-JUL-26","18:00:00Z","FORT LAUDERDALE","FLORIDA","UNITED STATES","AIRCRAFT ENGINE COWLING SEPERATED FROM THE AIRCRAFT AND CLIPPED THE PROPELLER","INCIDENT","SOUTH FLORIDA FSDO","N80926","","","PIPER","PA28","No","UNKNOWN","PERSONAL","LANDING (LDG)","91","UNKNOWN","No","1","0","0","0","0","0","0","0","0","0","1","0","0","0","0","0","0","0","0","0","0","0","0","0","0"
"No","24-JUL-26","23-JUL-26","15:21:00Z","CHANTILLY","VIRGINIA","UNITED STATES","AIRCRAFT STRUCK A BIRD UPON LANDING CAUSING DAMAGE TO NOSE GEAR PLASTIC BEARING COVER","INCIDENT","WASHINGTON FSDO","N37445","276","UNITED","BOEING","737-9","No","MINOR","COMMERCIAL","LANDING (LDG)","121","UNKNOWN","No","2","0","0","0","0","4","0","0","0","0","0","0","0","0","0","0","0","0","0","0","0","0","0","0","0"
"No","28-JUL-26","22-JUL-26","20:00:00Z","CASHMERE","WASHINGTON","UNITED STATES","AIRCRAFT ON TAKE OFF,  THE CANOPY CAME LOOSE, RETURNED TO AIRPORT AND THE CANOPY HIT THE PROP DURING LANDING, CASHMERE, WA.","INCIDENT","SPOKANE FSDO","N912LA","","","LOCKWOOD AIRCRAFT","AIRCAM","No","MINOR","PERSONAL","TAKEOFF (TOF)","91","NONE","No","1","0","0","0","0","0","0","0","0","0","1","0","0","0","0","0","0","0","0","0","0","0","0","0","0"
"No","28-JUL-26","27-JUL-26","15:01:00Z","SOUTH BEND","INDIANA","UNITED STATES","AIRCRAFT EXPERIENCED HAIL, RETURNED TO AIRPORT AND POST FLIGHT INSPECTION REVEALED DAMAGE TO NOSE CONE, WING AND ENGINE COWLING, SOUTH BEND, IN.","INCIDENT","INDIANAPOLIS FSDO","N608SK","SKW5007","SKYWEST AIRLINES","BOMBARDIER","CL-600-2C10","No","UNKNOWN","COMMERCIAL","INITIAL CLIMB (ICL)","121","NONE","No","0","0","0","0","0","0","0","0","0","0","0","0","0","0","0","0","0","0","0","0","0","0","0","0","0"
"No","22-JUL-26","21-JUL-26","19:58:00Z","STONEWALL","OKLAHOMA","UNITED STATES","AIRCRAFT STRUCK A POWERLINE AND CRASHED INTO A FENCE.","ACCIDENT","Will Rogers","N2193X","","","BELL","206B","No","SUBSTANTIAL","AERIAL APPLICATION","EN ROUTE (ENR)","137","SERIOUS","No","0","0","1","0","0","0","0","0","0","0","0","0","0","0","0","0","0","0","0","0","0","0","0","0","0"
"No","22-JUL-26","07-JUL-26","16:30:00Z","BOULDER","COLORADO","UNITED STATES","AIRCRAFT MADE A HARD LANDING RESULTING IN NUMEROUS BOUNCES.","ACCIDENT","DENVER","N2783H","","","SCHWEIZER","SGS 2-33A","No","SUBSTANTIAL","PERSONAL","LANDING (LDG)","91","MINOR","No","0","1","0","0","0","0","0","0","0","0","0","0","0","0","0","0","0","0","0","0","0","0","0","0","0"
"No","22-JUL-26","21-JUL-26","15:00:00Z","LONGMONT","COLORADO","UNITED STATES","AIRCRAFT NOSE GEAR COLLAPSED AFTER LANDING.","INCIDENT","Denver","N401BA","","","ICON AIRCRAFT","A5","No","MINOR","PERSONAL","LANDING (LDG)","91","NONE","No","1","0","0","0","0","0","0","0","0","0","0","0","0","0","0","0","0","0","0","0","0","0","0","0","0"
"No","28-JUL-26","27-JUL-26","15:50:00Z","SANFORD","MAINE","UNITED STATES","AIRCRAFT GROUND LOOPED ON LANDING, SANFORD, ME.","INCIDENT","PORTLAND ME FSDO","N291CA","","","AMERICAN CHAMPION","7GCBC","No","UNKNOWN","PERSONAL","LANDING (LDG)","91","NONE","No","1","0","0","0","0","0","0","0","0","0","1","0","0","0","0","0","0","0","0","0","0","0","0","0","0"
"No","28-JUL-26","27-JUL-26","23:05:00Z","GRAND JUNCTION","COLORADO","UNITED STATES","AIRCRAFT DECLARED AN EMERGENCY DUE TO AN IN FLIGHT ENGINE FIRE, LANDED AND VEERED OFF RUNWAY INTO THE DIRT, GRAND JUNCTION, CO.","INCIDENT","SALT LAKE CITY FSDO","N9370Z","","","BEECH","C-45","No","UNKNOWN","PERSONAL","EN ROUTE (ENR)","91","NONE","No","1","0","0","0","0","0","0","0","0","0","2","0","0","0","0","0","0","0","0","0","0","0","0","0","0"
"No","28-JUL-26","27-JUL-26","21:04:00Z","HUNTINGTON BEACH","CALIFORNIA","UNITED STATES","AIRCRAFT DEPARTED AND SHORTLY AFTERWARDS EXPERIENCED ENGINE ISSUES AND MADE A FORCED LANDING ON THE BEACH, HUNTINGTON BEACH, CA.","INCIDENT","LONG BEACH FSDO","N4512R","","","PIPER","PA28","No","NONE","PERSONAL","TAKEOFF (TOF)","91","NONE","No","1","0","0","0","0","0","0","0","0","0","1","0","0","0","0","0","0","0","0","0","0","0","0","0","0"
"No","28-JUL-26","27-JUL-26","15:35:00Z","ARLINGTON","TEXAS","UNITED STATES","AIRCRAFT LANDED AND VEERED OFF RUNWAY DAMAGING THE LEFT MAIN GEAR AND STRUCK A TAXIWAY LIGHT, ARLINGTON, TX.","INCIDENT","NORTH TEXAS FSDO","N77TC","","","AVIAT","A-1C-200","No","UNKNOWN","PERSONAL","LANDING (LDG)","91","NONE","No","1","0","0","0","0","0","0","0","0","0","1","0","0","0","0","0","0","0","0","0","0","0","0","0","0"
"No","28-JUL-26","27-JUL-26","13:19:00Z","LIVONIA","MISSOURI","UNITED STATES","AIRCRAFT EXPERIENCED ENGINE ISSUES AND MADE A FORCED LANDING IN A FIELD, LIVONIA, MO.","ACCIDENT","KANSAS CITY FSDO","N7799V","","","AERO COMMANDER","CALLAIR A-9B","No","SUBSTANTIAL","AERIAL APPLICATION","MANEUVERING (MNV)","137","NONE","No","1","0","0","0","0","0","0","0","0","0","0","0","0","0","0","0","0","0","0","0","0","0","0","0","0"
"No","28-JUL-26","28-JUL-26","00:21:00Z","RUSTIC ACRES COLONY","SOUTH DAKOTA","UNITED STATES","AIRCRAFT EXPERIENCED ENGINE ISSUES AND CRASH LANDED IN A FIELD, RUSTIC ACRES COLONY, SD.","INCIDENT","RAPID CITY FSDO","N3091R","","","AYRES CORPORATION","S2R-G6","No","UNKNOWN","AERIAL APPLICATION","MANEUVERING (MNV)","137","NONE","No","1","0","0","0","0","0","0","0","0","0","0","0","0","0","0","0","0","0","0","0","0","0","0","0","0"
"No","29-JUL-26","28-JUL-26","05:30:00Z","MCCARTHY","ALASKA","UNITED STATES","AIRCRAFT ON LANDING, BANKED TO THE LEFT AND IMPACTED TERRAIN AND POST CRASH FIRE, MCCARTHY, AK.","ACCIDENT","ANCHORAGE FSDO","N4535A","","","PIPER","PA22","No","SUBSTANTIAL","PERSONAL","LANDING (LDG)","91","FATAL","Yes","0","0","0","1","0","0","0","0","0","0","0","0","0","2","0","0","0","0","0","0","0","0","0","0","0"
"No","29-JUL-26","29-JUL-26","02:49:00Z","CHANDLER","ARIZONA","UNITED STATES","AIRCRAFT CRASHED UNDER UNKNOWN CIRCUMSTANCES AND POST CRASH FIRE, CHANDLER, AZ.","ACCIDENT","SCOTTSDALE FSDO","N9062J","","","PIPER","PA28","No","UNKNOWN","PERSONAL","TAKEOFF (TOF)","91","FATAL","Yes","0","0","0","1","0","0","0","0","0","0","0","0","0","0","0","0","0","0","0","0","0","0","0","0","0"
"No","29-JUL-26","14-JUL-26","21:00:00Z","NEW YORK","NEW YORK","UNITED STATES","AIRCRAFT TAIL SECTION STRUCK THE RUNWAY ON LANDING, NEW YORK, NY.","INCIDENT","FARMINGDALE FSDO","N382DN","DAL1181","DELTA AIRLINES","AIRBUS","A321","No","MINOR","COMMERCIAL","LANDING (LDG)","121","NONE","No","0","0","0","0","0","0","0","0","0","0","0","0","0","0","0","0","0","0","0","0","0","0","0","0","0"
"No","29-JUL-26","27-JUL-26","23:48:00Z","CHARLOTTE","NORTH CAROLINA","UNITED STATES","AIRCRAFT DURING PUSHBACK, THE LEFT WINGLET STRUCK DAL/N931XJ WHICH WAS PARKED AND UNOCCUPIED, CHARLOTTE, NC.","INCIDENT","CHARLOTTE FSDO","N373FR","FFT2395","FRONTIER AIRLINES","AIRBUS","A320","No","MINOR","COMMERCIAL","PUSHBACK/TOWING (PBT)","121","NONE","No","0","0","0","0","0","0","0","0","0","0","0","0","0","0","0","0","0","0","0","0","0","0","0","0","0"
"No","29-JUL-26","11-JUL-26","13:15:00Z","GANSEVOORT","NEW YORK","UNITED STATES","AIRCRAFT EXPERIENCED A CRANKSHAFT FAILURE WHILE SHUTTING  DOWN AND DAMAGED THE COWLING, GANSEVOORT, NY.","INCIDENT","ALBANY FSDO","N3DZ","","","CESSNA","182","No","UNKNOWN","PERSONAL","STANDING (STD)","91","NONE","No","1","0","0","0","0","0","0","0","0","0","0","0","0","0","0","0","0","0","0","0","0","0","0","0","0"
"No","29-JUL-26","27-JUL-26","19:56:00Z","NEW BEDFORD","MASSACHUSETTS","UNITED STATES","AIRCRAFT VEERED OFF RUNWAY DURING LANDING, NEW BEDFORD, MA.","INCIDENT","BOSTON FSDO","N572BW","","BRIDGEWATER STATE UNIVERSITY","CESSNA","172","No","UNKNOWN","INSTRUCTION","LANDING (LDG)","91","NONE","No","1","0","0","0","0","0","0","0","0","0","0","0","0","0","0","0","0","0","0","0","0","0","0","0","0"
"No","29-JUL-26","28-JUL-26","22:37:00Z","O'NEILL","NEBRASKA","UNITED STATES","AIRCRAFT EXPERIENCED ENGINE ISSUES AND LANDED ON A ROAD, O'NEILL, NE.","INCIDENT","LINCOLN FSDO","N704R","","","CIRRUS","SR22","No","NONE","PERSONAL","EN ROUTE (ENR)","","NONE","No","1","0","0","0","0","0","0","0","0","0","1","0","0","0","0","0","0","0","0","0","0","0","0","0","0"
"No","29-JUL-26","28-JUL-26","17:18:00Z","SAN DIEGO","CALIFORNIA","UNITED STATES","AIRCRAFT GROUND LOOPED ON LANDING, SAN DIEGO, CA.","INCIDENT","SAN DIEGO FSDO","N9811X","","","PIPER","J3C-65","No","UNKNOWN","PERSONAL","LANDING (LDG)","91","NONE","No","1","0","0","0","0","0","0","0","0","0","0","0","0","0","0","0","0","0","0","0","0","0","0","0","0"
"No","30-JUL-26","29-JUL-26","21:30:00Z","ALGONA","IOWA","UNITED STATES","AIRCRAFT STRUCK POWER LINES AND CRASHED, ALGONA, IA.","ACCIDENT","DES MOINES FSDO","N731CQ","","","CESSNA","A188B","No","SUBSTANTIAL","AERIAL APPLICATION","MANEUVERING (MNV)","137","NONE","No","1","0","0","0","0","0","0","0","0","0","0","0","0","0","0","0","0","0","0","0","0","0","0","0","0"
"No","30-JUL-26","28-JUL-26","23:42:00Z","ANTIGO","WISCONSIN","UNITED STATES","AIRCRAFT VEERED OFF RUNWAY STRIKING RUNWAY LIGHT AND A TAXIWAY SIGN COMING TO REST IN A DITCH, ANTIGO, WI.","ACCIDENT","MILWAUKEE FSDO","N7978U","","","CESSNA","172","No","SUBSTANTIAL","PERSONAL","LANDING (LDG)","91","NONE","No","1","0","0","0","0","0","0","0","0","0","0","0","0","0","0","0","0","0","0","0","0","0","0","0","0"
"No","30-JUL-26","09-JUL-26","16:00:00Z","MORRISVILLE","VERMONT","UNITED STATES","AIRCRAFT LANDED AND VEERED OFF THE RUNWAY, MORRISVILLE, VT.","INCIDENT","PORTLAND ME FSDO","N227RV","","","VANS","RV6","No","MINOR","PERSONAL","LANDING (LDG)","91","NONE","No","1","0","0","0","0","0","0","0","0","0","1","0","0","0","0","0","0","0","0","0","0","0","0","0","0"
"No","30-JUL-26","26-MAY-26","20:51:00Z","PHILADELPHIA","PENNSYLVANIA","UNITED STATES","AIRCRAFT STRUCK A BIRD ON TAKE OFF LEAVING A DENT IN THE RADOME, PHILADELPHIA, PA.","INCIDENT","PHILADELPHIA FSDO","N429AN","AAL2054","AMERICAN AIRLINES","AIRBUS","A321","No","UNKNOWN","COMMERCIAL","TAKEOFF (TOF)","121","NONE","No","0","0","0","0","0","0","0","0","0","0","0","0","0","0","0","0","0","0","0","0","0","0","0","0","0"
"No","30-JUL-26","29-JUL-26","21:35:00Z","EL PASO","TEXAS","UNITED STATES","AIRCRAFT STRUCK A BIRD ON TAKE OFF AND POST FLIGHT INSPECTION REVEALED DAMAGE TO THE NOSE CONE AND RIGHT SIDE OF FUSELAGE, EL PASO, TX.","INCIDENT","ALBUQUERQUE FSDO","N547PA","FENIX47","PHOENIX AIR GROUP","LEAR JET","36","No","UNKNOWN","ON DEMAND","TAKEOFF (TOF)","135","NONE","No","2","0","0","0","0","0","0","0","0","0","1","0","0","0","0","0","0","0","0","0","0","0","0","0","0"
"No","30-JUL-26","29-JUL-26","21:18:00Z","MINNEAPOLIS","MINNESOTA","UNITED STATES","AIRCRAFT LEFT MAIN GEAR COLLAPSED WHILE TAXIING TO RUNWAY, MINNEAPOLIS, MN.","INCIDENT","MINNEAPOLIS FSDO","N637PG","","","LANCAIR","LEGACY","No","MINOR","PERSONAL","TAXI (TXI)","91","NONE","No","1","0","0","0","0","0","0","0","0","0","1","0","0","0","0","0","0","0","0","0","0","0","0","0","0"
"No","30-JUL-26","29-JUL-26","19:05:00Z","SHREVEPORT","LOUISIANA","UNITED STATES","AIRCRAFT LANDED GEAR UP, SHREVEPORT, LA.","INCIDENT","BATON ROUGE FSDO","N2221G","","","MOONEY","M20M","No","UNKNOWN","PERSONAL","LANDING (LDG)","91","NONE","No","1","0","0","0","0","0","0","0","0","0","0","0","0","0","0","0","0","0","0","0","0","0","0","0","0"
"No","30-JUL-26","29-JUL-26","19:29:00Z","BELLE GLADE","FLORIDA","UNITED STATES","AIRCRAFT EXPERIENCED ENGINE ISSUES AND LANDED ON A ROAD, BELLE GLADE, FL.","INCIDENT","SOUTH FLORIDA FSDO","N8121","","","VANS","RV9","No","MINOR","PERSONAL","EN ROUTE (ENR)","91","NONE","No","1","0","0","0","0","0","0","0","0","0","0","0","0","0","0","0","0","0","0","0","0","0","0","0","0"
"No","30-JUL-26","29-JUL-26","18:50:00Z","KANSAS CITY","MISSOURI","UNITED STATES","AIRCRAFT INCURRED A PROP STRIKE DUE TO BEING LIFTED UP BY THE JET BLAST FROM SWA2548, KANSAS CITY, MO.","INCIDENT","KANSAS CITY FSDO","N8796W","","","PIPER","PA28","No","UNKNOWN","PERSONAL","TAXI (TXI)","91","NONE","No","1","0","0","0","0","0","0","0","0","0","1","0","0","0","0","0","0","0","0","0","0","0","0","0","0"
"No","31-JUL-26","18-JUL-26","22:00:00Z","NORTH PLAINS","OREGON","UNITED STATES","AIRCRAFT STALLED ABOVE THE RUNWAY AND LANDED HARD, NORTH PLAINS, OR.","ACCIDENT","PORTLAND FSDO","N922SB","","","LET","L-23 SUPER BLANIK","No","SUBSTANTIAL","PERSONAL","APPROACH (APR)","91","NONE","No","1","0","0","0","0","0","0","0","0","0","1","0","0","0","0","0","0","0","0","0","0","0","0","0","0"
"No","31-JUL-26","27-JUL-26","17:30:00Z","HUNTSVILLE","ALABAMA","UNITED STATES","AIRCRAFT LANDED LONG AND OVERRAN THE DEPARTURE END OF THE RUNWAY AND WENT INTO A DITCH, HUNTSVILLE, AL.","INCIDENT","ALABAMA AND NW FLORIDA FSDO","N659WP","","","CZECH AIRCRAFT","SPORTCRUISER","No","UNKNOWN","PERSONAL","LANDING (LDG)","91","NONE","No","1","0","0","0","0","0","0","0","0","0","0","0","0","0","0","0","0","0","0","0","0","0","0","0","0"
"No","31-JUL-26","30-JUL-26","14:45:00Z","AMALGA","UTAH","UNITED STATES","AIRCRAFT EXPERIENCED ENGINE ISSUES AND MADE AN EMERGENCY LANDING IN A FIELD, AMALGA, UT.","INCIDENT","SALT LAKE CITY FSDO","N4849D","","","CESSNA","172","No","NONE","PERSONAL","EN ROUTE (ENR)","91","NONE","No","1","0","0","0","0","0","0","0","0","0","1","0","0","0","0","0","0","0","0","0","0","0","0","0","0"
"No","31-JUL-26","30-JUL-26","16:50:00Z","GREENSBORO","NORTH CAROLINA","UNITED STATES","AIRCRAFT LANDED GEAR UP, GREENSBORO, NC.","INCIDENT","GREENSBORO FSDO","N23534","","","BEECH","F33A","No","UNKNOWN","PERSONAL","LANDING (LDG)","91","NONE","No","1","0","0","0","0","0","0","0","0","0","0","0","0","0","0","0","0","0","0","0","0","0","0","0","0"
"No","31-JUL-26","31-JUL-26","06:00:00Z","OGDEN","UTAH","UNITED STATES","AIRCRAFT EXPERIENCED ENGINE FAILURE AND MADE A FORCED LANDING ON A ROAD SHORT OF THE RUNWAY AND FLIPPED OVER, OGDEN, UT.","ACCIDENT","SALT LAKE CITY FSDO","N9650V","","","CESSNA","172","No","SUBSTANTIAL","PERSONAL","APPROACH (APR)","91","MINOR","No","0","1","0","0","0","0","0","0","0","0","0","1","0","0","0","0","0","0","0","0","0","0","0","0","0"
"No","24-JUL-26","23-JUL-26","16:40:00Z","CHICAGO","ILLINOIS","UNITED STATES","AIRCRAFT REPORTED A BIRD STRIKE WHILE ON APPROACH RWY 28C WHICH RESULTED IN A CRACKED WINDSHIELD","INCIDENT","GREATER CHICAGO FSDO","N792JB","3800","ENVOY","EMBRAER","170","No","MINOR","COMMERCIAL","APPROACH (APR)","121","UNKNOWN","No","2","0","0","0","0","3","0","0","0","0","0","0","0","0","0","0","0","0","0","0","0","0","0","0","0"
"No","27-JUL-26","26-JUL-26","22:30:00Z","OSHKOSH","WISCONSIN","UNITED STATES","AIRCRAFT EXPERIENCED ENGINE ISSUES ON TAKE OFF, PILOT SET THE AIRCRAFT BACK DOWN AND ROLLED PAST THE DEPARTURE END OF THE RUNWAY, OSHKOSH, WI.","INCIDENT","MILWAUKEE FSDO","N84TL","","","T L SPORT AIRCRAFT","SIRIUS","No","UNKNOWN","PERSONAL","TAKEOFF (TOF)","91","NONE","No","1","0","0","0","0","0","0","0","0","0","0","0","0","0","0","0","0","0","0","0","0","0","0","0","0"
"No","27-JUL-26","26-JUL-26","01:21:00Z","ORANGE CITY","IOWA","UNITED STATES","AIRCRAFT STRUCK POWER LINES DURING AERIAL APPLICATION, ORANGE CITY, IA.","INCIDENT","DES MOINES FSDO","N502VB","","","AIR TRACTOR","AT502","No","UNKNOWN","AERIAL APPLICATION","MANEUVERING (MNV)","137","NONE","No","1","0","0","0","0","0","0","0","0","0","0","0","0","0","0","0","0","0","0","0","0","0","0","0","0"
"No","27-JUL-26","25-JUL-26","00:21:00Z","LAWTON","IOWA","UNITED STATES","AIRCRAFT CRASHED UNDER UNKNOWN CIRCUMSTANCES, LAWTON, IA.","ACCIDENT","DES MOINES FSDO","N27601","","","ZENITH","ZODIAC 601HDS","No","UNKNOWN","PERSONAL","EN ROUTE (ENR)","91","FATAL","Yes","0","0","0","1","0","0","0","0","0","0","0","0","0","0","0","0","0","0","0","0","0","0","0","0","0"
"No","27-JUL-26","26-JUL-26","20:50:00Z","WILDWOOD","NEW JERSEY","UNITED STATES","AIRCRAFT LANDED, VEERED OFF RUNWAY DAMAGING RIGHT MAIN GEAR, WILDWOOD, NJ.","INCIDENT","PHILADELPHIA FSDO","N68RR","","","EXPERIMENTAL","REVOLUTION II","No","UNKNOWN","PERSONAL","LANDING (LDG)","91","NONE","No","1","0","0","0","0","0","0","0","0","0","1","0","0","0","0","0","0","0","0","0","0","0","0","0","0"
"No","27-JUL-26","27-JUL-26","00:41:00Z","EPHRAIM","WISCONSIN","UNITED STATES","AIRCRAFT EXPERIENCED ENGINE ISSUES AND CRASH LANDED IN A FIELD, EPHRAIM, WI.","INCIDENT","MILWAUKEE FSDO","N573TB","","","KITFOX","III","No","UNKNOWN","PERSONAL","EN ROUTE (ENR)","91","NONE","No","1","0","0","0","0","0","0","0","0","0","1","0","0","0","0","0","0","0","0","0","0","0","0","0","0"
"No","27-JUL-26","25-JUL-26","15:00:00Z","PRESCOTT","ARIZONA","UNITED STATES","AIRCRAFT BOUNCED ON LANDING INCURRING A PROP STRIKE, PRESCOTT, AZ.","INCIDENT","SCOTTSDALE FSDO","N818SK","","","EXPERIMENTAL","HARMON ROCKET II","No","MINOR","PERSONAL","LANDING (LDG)","91","NONE","No","1","0","0","0","0","0","0","0","0","0","1","0","0","0","0","0","0","0","0","0","0","0","0","0","0"
"No","27-JUL-26","26-JUL-26","18:30:00Z","MORGAN","UTAH","UNITED STATES","AIRCRAFT NOSE GEAR COLLAPSED ON LANDING, MORGAN, UT.","INCIDENT","SALT LAKE CITY FSDO","N900WB","","","LANCAIR","PROP JET","No","MINOR","PERSONAL","LANDING (LDG)","91","NONE","No","1","0","0","0","0","0","0","0","0","0","2","0","0","0","0","0","0","0","0","0","0","0","0","0","0"
"No","27-JUL-26","25-JUL-26","15:15:00Z","MCKINNEY","TEXAS","UNITED STATES","AIRCRAFT LANDED GEAR UP, MCKINNEY, TX.","INCIDENT","NORTH TEXAS FSDO","N2644W","","","MOONEY","M20E","No","UNKNOWN","PERSONAL","LANDING (LDG)","91","NONE","No","0","0","0","0","0","0","0","0","0","0","0","0","0","0","0","0","0","0","0","0","0","0","0","0","0"
"No","27-JUL-26","24-JUL-26","20:30:00Z","CARROLL","IOWA","UNITED STATES","AIRCRAFT DEPARTED, EXPERIENCED A ROUGH RUNNING ENGINE,  PILOT TRIED RETURNING TO THE AIRPORT AND LANDED IN A FIELD, CARROLL, IA.","INCIDENT","DES MOINES FSDO","N3707Q","","","BEECH","V35","No","UNKNOWN","PERSONAL","TAKEOFF (TOF)","91","NONE","No","1","0","0","0","0","0","0","0","0","0","0","0","0","0","0","0","0","0","0","0","0","0","0","0","0"
"No","27-JUL-26","25-JUL-26","14:51:00Z","SAN JUAN","PUERTO RICO","PUERTO RICO","AIRCRAFT NOSE GEAR COLLAPSED DURING TAXI, SAN JUAN, PR.","INCIDENT","SAN JUAN FSDO","N6055R","","","CESSNA","162","No","UNKNOWN","PERSONAL","TAXI (TXI)","91","NONE","No","0","0","0","0","0","0","0","0","0","0","0","0","0","0","0","0","0","0","0","0","0","0","0","0","0"
"No","27-JUL-26","26-JUL-26","19:15:00Z","OVERTON","NEVADA","UNITED STATES","AIRCRAFT GEAR COLLASPED ON LANDING, OVERTON, NV.","INCIDENT","LAS VEGAS FSDO","N6554X","","","CESSNA","310","No","MINOR","PERSONAL","LANDING (LDG)","91","NONE","No","1","0","0","0","0","0","0","0","0","0","1","0","0","0","0","0","0","0","0","0","0","0","0","0","0"
"No","27-JUL-26","26-JUL-26","18:29:00Z","SCHAUMBURG","ILLINOIS","UNITED STATES","AIRCRAFT ON LANDING, VEERED OFF RUNWAY INTO THE GRASS, SCHAUMBURG, IL.","INCIDENT","GREATER CHICAGO FSDO","N13500","","","CESSNA","180","No","UNKNOWN","PERSONAL","LANDING (LDG)","91","NONE","No","1","0","0","0","0","0","0","0","0","0","3","0","0","0","0","0","0","0","0","0","0","0","0","0","0"
"No","27-JUL-26","24-JUL-26","12:30:00Z","PALMETTO","FLORIDA","UNITED STATES","AIRCRAFT LEFT WING STRUCK AN OBJECT WHILE DEPARTING RUNWAY DUE TO A CROSSWIND, PALMETTO, FL.","INCIDENT","TAMPA FSDO","N44704","","","PIPER","PA28","No","UNKNOWN","PERSONAL","TAKEOFF (TOF)","91","NONE","No","1","0","0","0","0","0","0","0","0","0","1","0","0","0","0","0","0","0","0","0","0","0","0","0","0"
"No","21-JUL-26","20-JUL-26","21:50:00Z","LITTLE ROCK","ARKANSAS","UNITED STATES","AIRCRAFT MADE A PRECAUTIONARY LANDING IN A FIELD APPROX 10 MILES NORTH OF LIT ARPT DUE TO AN
ENGINE CHIP WARNING LIGHT.","INCIDENT","LITTLE ROCK","N519SF","","","BELL","407","No","NONE","AMBULANCE","EN ROUTE (ENR)","135","NONE","No","1","0","0","0","0","2","0","0","0","0","0","0","0","0","0","0","0","0","0","0","0","0","0","0","0"
"No","21-JUL-26","21-JUL-26","00:25:00Z","SPRINGFIELD","OHIO","UNITED STATES","AIRCRAFT NOSE GEAR COLLAPSED AFTER LANDING AND THEN VEERED INTO THE GRASS.","INCIDENT","Cincinnati","N3569X","","","PIPER","PA32R-301","No","UNKNOWN","PERSONAL","LANDING (LDG)","91","NONE","No","1","0","0","0","0","0","0","0","0","0","1","0","0","0","0","0","0","0","0","0","0","0","0","0","0"
"No","21-JUL-26","20-JUL-26","22:36:00Z","NEW ORLEANS","LOUISIANA","UNITED STATES","AIRCRAFT CLIPPED THE VERTICAL STABILIZER OF ANOTHER AIRCRAFT WHILE BEING PUSHED BACK FROM GATE.","INCIDENT","BATON ROUGE","N904WN","SWA1743","SOUTHWEST AIRLINES","BOEING","737-7H4","No","MINOR","COMMERCIAL","PUSHBACK/TOWING (PBT)","121","NONE","No","2","0","0","0","0","5","0","0","0","0","120","0","0","0","0","0","0","0","0","0","0","0","0","0","0"
"No","21-JUL-26","20-JUL-26","16:00:00Z","RED OAK","IOWA","UNITED STATES","AIRCRAFT ATTEMPTED TO TAKE OFF WHILE THE CHEMICAL LOAD HOSE WAS STILL CONNECTED AND IMPACTED THE FIELD INVERTED.","INCIDENT","DES MOINES","N244RH","","","ROBINSON","R44","No","UNKNOWN","AERIAL APPLICATION","TAKEOFF (TOF)","137","NONE","No","1","0","0","0","0","0","0","0","0","0","0","0","0","0","0","0","0","0","0","0","0","0","0","0","0"
"No","21-JUL-26","20-JUL-26","18:40:00Z","SAN ANTONIO","TEXAS","UNITED STATES","AIRCRAFT EXPERIENCED AN ENGINE ISSUE AND LANDED IN A CREEK JUST AFTER DEPARTURE.","INCIDENT","SAN ANTONIO","N454MD","","","PIPER","PA-28-180","No","UNKNOWN","INSTRUCTION","INITIAL CLIMB (ICL)","91","MINOR","No","0","1","0","0","0","0","0","0","0","0","1","0","0","0","0","0","0","0","0","0","0","0","0","0","0"
"No","21-JUL-26","20-JUL-26","16:30:00Z","JANESVILLE","WISCONSIN","UNITED STATES","AIRCRAFT LANDED ON THE RUNWAY WITH THE LANDING GEAR RETRACTED.","INCIDENT","Milwaukee","N933A","","","BEECH","F33A","No","MINOR","PERSONAL","LANDING (LDG)","91","NONE","No","1","0","0","0","0","0","0","0","0","0","2","0","0","0","0","0","0","0","0","0","0","0","0","0","0"
"No","21-JUL-26","20-JUL-26","19:27:00Z","ELKINS","WEST VIRGINIA","UNITED STATES","AIRCRAFT HAD A FUEL ISSUE AND LANDED IN A FIELD BUT STRUCK A ROAD SIGN WITH LEFT WINGTIP. AIRCRAFT WAS REFUELD AND TEMPORARY REPAIR WAS PERFORMED AND FLOWN TO ELKINS.","INCIDENT","Charleston","N2714G","","","CESSNA","182B","No","MINOR","PERSONAL","EN ROUTE (ENR)","91","NONE","No","1","0","0","0","0","0","0","0","0","0","0","0","0","0","0","0","0","0","0","0","0","0","0","0","0"
"No","21-JUL-26","20-JUL-26","15:17:00Z","RALEIGH DURHAM","NORTH CAROLINA","UNITED STATES","AIRCRT LANDED WITH THE NOSE GEAR RETRACTED DUE TO MECHANICAL ISSUE.","INCIDENT","GREENBORO","N3672C","","","CESSNA","R182","No","UNKNOWN","PERSONAL","LANDING (LDG)","91","NONE","No","1","0","0","0","0","0","0","0","0","0","0","0","0","0","0","0","0","0","0","0","0","0","0","0","0"
"No","21-JUL-26","19-JUL-26","15:00:00Z","BURNET","TEXAS","UNITED STATES","AIRCRAFT LANDED WITH THE GEAR RETRACTED.","INCIDENT","San Antonio","N3733G","","","BEECH","76","No","MINOR","INSTRUCTION","LANDING (LDG)","91","NONE","No","1","0","0","0","0","0","0","0","0","0","1","0","0","0","0","0","0","0","0","0","0","0","0","0","0"
"No","21-JUL-26","20-JUL-26","18:45:00Z","DALLAS","TEXAS","UNITED STATES","AIRCRAFT PROPELLOR DEPARTED THE AIRCRAFT DURING FLIGHT. AIRCRAFT LANDED WITH DAMAGE AT KRBD.","INCIDENT","North Texas","N4265Q","","","CESSNA","172L","No","UNKNOWN","INSTRUCTION","EN ROUTE (ENR)","91","NONE","No","1","0","0","0","0","0","0","0","0","0","1","0","0","0","0","0","0","0","0","0","0","0","0","0","0"
"No","21-JUL-26","20-JUL-26","17:14:00Z","METALINE","WASHINGTON","UNITED STATES","AIRCRAFT WENT OFF THE END OF THE RUNWAY AFTER LANDING.","ACCIDENT","Spokane","N76GC","","","GRUMMAN AMERICAN","AA-5A","No","SUBSTANTIAL","PERSONAL","LANDING (LDG)","91","MINOR","No","0","1","0","0","0","0","0","0","0","0","0","0","0","0","0","0","0","0","0","0","0","0","0","0","0"
"No","21-JUL-26","19-JUL-26","22:40:00Z","PORT ALSWORTH","ALASKA","UNITED STATES","AIRCRAFT BRAKE MALFUNCTIONED AFTER LANDING AND GROUND LOOPED STRIKING THE WING AND ENTERING A DITCH.","ACCIDENT","Anchorage","N791PW","","","DEHAVILLAND","DHC-2 MK1","No","SUBSTANTIAL","PERSONAL","LANDING (LDG)","91","NONE","No","1","0","0","0","0","0","0","0","0","0","0","0","0","0","0","0","0","0","0","0","0","0","0","0","0"
"No","21-JUL-26","20-JUL-26","12:40:00Z","RICHMOND","TEXAS","UNITED STATES","AIRCRAFT IMPACTED A HOUSE NEAR THE RUNWAY FOR UNKNOWN REASONS.","ACCIDENT","Houston","N92432","","","PIPER","J3C-65","No","SUBSTANTIAL","PERSONAL","UNKNOWN (UNK)","91","MINOR","No","0","1","0","0","0","0","0","0","0","0","0","0","0","0","0","0","0","0","0","0","0","0","0","0","0"
"No","23-JUL-26","22-JUL-26","18:29:00Z","COUGAR","WASHINGTON","UNITED STATES","AIRCRAFT EXPERIENCED AN ENGINE FAILURE AND CRASHED INTO YALE LAKE.","ACCIDENT","Seattle","N42K","","","CESSNA","140","No","SUBSTANTIAL","PERSONAL","EN ROUTE (ENR)","91","UNKNOWN","No","0","0","0","0","1","0","0","0","0","0","0","0","0","0","0","0","0","0","0","0","0","0","0","0","0"
"No","23-JUL-26","18-JUL-26","15:00:00Z","MOORESVILLE","NORTH CAROLINA","UNITED STATES","AIRCRAFT EXPERIENCED A HARD LANDING.","ACCIDENT","Charlotte","N3462E","","","CESSNA","172N","No","SUBSTANTIAL","PERSONAL","LANDING (LDG)","91","NONE","No","1","0","0","0","0","0","0","0","0","0","0","0","0","0","0","0","0","0","0","0","0","0","0","0","0"
"No","23-JUL-26","13-JUL-26","14:00:00Z","LARKSPUR","COLORADO","UNITED STATES","ROTORCRAFT CRASHED UNDER UNKNOWN CIRCUMSTANCES.","ACCIDENT","Denver","N665TE","","","SCHMIDT TITANIUM","ROTORCRAFT","No","SUBSTANTIAL","PERSONAL","UNKNOWN (UNK)","91","FATAL","No","0","0","0","1","0","0","0","0","0","0","0","0","0","0","0","0","0","0","0","0","0","0","0","0","0"
"No","23-JUL-26","23-JUL-26","06:34:00Z","NEW YORK","NEW YORK","UNITED STATES","AIRCRAFT ENCOUNTERD SEVERE TURBULENCE AND TWO FLIGHT ATTENDANTS WERE INJURED. DIVERTED TO KJFK.","INCIDENT","Farmingdale","N785AN","174","AMERICAN AIRLINES","BEING","777-200","No","NONE","COMMERCIAL","EN ROUTE (ENR)","121","UNKNOWN","No","3","0","0","0","0","10","0","0","0","2","200","0","0","0","0","0","0","0","0","0","0","0","0","0","0"
"No","23-JUL-26","22-JUL-26","15:45:00Z","COEUR D'ALENE","IDAHO","UNITED STATES","AIRCRAFT LANDED GEAR UP.","INCIDENT","Spokane","N445FM","","","PIPER","PA-31-325","No","MINOR","PERSONAL","LANDING (LDG)","91","NONE","No","1","0","0","0","0","0","0","0","0","0","0","0","0","0","0","0","0","0","0","0","0","0","0","0","0"
"Yes","30-JUL-26","20-JUL-26","16:40:00Z","MORGAN","VERMONT","UNITED STATES","AIRCRAFT EXPERIENCED ENGINE FAILURE WHILE DEPARTING LAKE SEYMOUR AND THE LEFT WING STRUCK THE WATER, MORGAN, VT.","INCIDENT","PORTLAND ME FSDO","N528MW","","","RANS","S-6-S","No","MINOR","PERSONAL","TAKEOFF (TOF)","91","NONE","No","1","0","0","0","0","0","0","0","0","0","0","0","0","0","0","0","0","0","0","0","0","0","0","0","0"
"Yes","30-JUL-26","30-JUL-26","01:45:00Z","PETALUMA","CALIFORNIA","UNITED STATES","AIRCRAFT HOVERING, LOST POWER AND CRASHED, PETALUMA, CA.","ACCIDENT","OAKLAND FSDO","N556GT","","","GYRO TECHNIC","GT-VX2","No","SUBSTANTIAL","PERSONAL","MANEUVERING (MNV)","91","MINOR","No","0","1","0","0","0","0","0","0","0","0","0","0","0","0","0","0","0","0","0","0","0","0","0","0","0"
